<environmentvariabledefinition schemaname="kch_BDayPrompt">
  <defaultvalue>Write 10 funny birthday wishes for my friend. Provide the list only, without any header, and without numbers or bullets. Use the symbol // as a separator between wishes in the list</defaultvalue>
  <displayname default="BDayPrompt">
    <label description="BDayPrompt" languagecode="1033" />
  </displayname>
  <introducedversion>1.0.0.1</introducedversion>
  <iscustomizable>1</iscustomizable>
  <isrequired>0</isrequired>
  <secretstore>0</secretstore>
  <type>100000000</type>
</environmentvariabledefinition>